{
  "weights": [
    0.8890064080126377,
    -0.020247064376727904,
    -1.4679389786566848,
    -1.6260045563351069
  ],
  "bias": 0.26517649500258034
}